"","Customer_ID","Predicted_Prob","Actual_Churn"
"1","1658-BYGOY",1,1
"2","4598-XLKNJ",1,1
"3","0390-DCFDQ",1,1
"4","3445-HXXGF",0.0101277553847721,1
"5","2070-FNEXE",0.999999999999998,1
"6","0094-OIFMO",1,1
"7","9947-OTFQU",1,1
"8","7273-TEFQD",0.999999999715216,1
"9","3606-TWKGI",1,1
"10","8098-LLAZX",1,1
"11","5020-ZSTTY",0.999999912902186,1
"12","0623-IIHUG",0.999999895543737,1
"13","0334-GDDSO",1,1
"14","5564-NEMQO",1,1
"15","0257-ZESQC",0.999999999999772,1
"16","4554-YGZIH",0.999999998086687,1
"17","4913-EHYUI",0.999999999999926,1
"18","1626-ERCMM",1,1
"19","0823-HSCDJ",0.913914675782427,1
"20","2684-EIWEO",0.999999999999998,1
"21","6683-VLCTZ",1,1
"22","0691-IFBQW",0.999999999999999,1
"23","9231-ZJYAM",0.999999999999995,1
"24","0781-LKXBR",1,1
"25","6646-QVXLR",0.999999999998612,1
"26","9369-XFEHK",0.99999999999385,1
"27","1271-SJBGZ",0.999999999872194,1
"28","7029-RPUAV",1,1
"29","8111-SLLHI",0.999999999999813,1
"30","5565-FILXA",1,1
"31","6818-WOBHJ",0.999999972260674,1
"32","7206-GZCDC",1,1
"33","1768-ZAIFU",0.999999993899759,1
"34","3793-MMFUH",1,1
"35","5357-TZHPP",1,1
"36","9809-IMGCQ",1,1
"37","0661-XEYAN",0.999999999069141,1
"38","7675-OZCZG",0.999999985201502,1
"39","8017-LXHFA",1,1
"40","4690-LLKUA",0.999999992937205,1
"41","7279-BUYWN",1,1
"42","3132-TVFDZ",0.0154039981966325,1
"43","3207-OYBWH",0.999999999489309,1
"44","4094-NSEDU",1,1
"45","3757-NJYBX",1,1
"46","8922-LIEGH",0.999999999999422,1
"47","8245-UMPYT",1,1
"48","5373-SFODM",0.999999999954969,1
"49","6861-XWTWQ",1,1
"50","4826-XTSOH",1,1
"51","2408-WITXK",0.999999984464841,1
"52","2634-HCZGT",0.998275662999292,1
"53","7503-QQRVF",0.999999999999999,1
"54","4550-VBOFE",0.999999999824624,1
"55","8802-UNOJF",1,1
"56","6313-GIDIT",0.989277549724469,1
"57","2845-AFFTX",1,1
"58","8118-LSUEL",1,1
"59","8679-JOEVF",0.999999999999219,1
"60","7395-IGJOS",0.999999999999994,1
"61","6397-JNZZG",0.999998163478866,1
"62","9710-ZUSHQ",1,1
"63","3318-OSATS",0.999999999999994,1
"64","6015-VVHHE",1,1
"65","2516-VQRRV",0.999999999999999,1
"66","5178-LMXOP",1,1
"67","7056-IMHCC",0.999999999999778,1
"68","8414-MYSHR",1,1
"69","4988-IQIGL",1,1
"70","5889-JTMUL",0.999999982794635,1
"71","8623-TMRBY",0.999999996447591,1
"72","3346-BRMIS",0.999999952888809,1
"73","4201-JMNGR",0.99999999999998,1
"74","8631-NBHFZ",0.999877304152757,1
"75","4958-XCBDQ",0.999999999999943,1
"76","6712-OAWRH",0.999999999999986,1
"77","8374-XGEJJ",0.999999999997969,1
"78","0406-BPDVR",0.999999999992527,1
"79","0946-CLJTI",0.99999999998794,1
"80","2357-COQEK",1,1
"81","4597-NUCQV",0.999999999999999,1
"82","7130-VTEWQ",0.999999999999931,1
"83","7903-CMPEY",1,1
"84","2956-GGUCQ",0.999999999999978,1
"85","7067-KSAZT",0.999999999995282,1
"86","1112-CUNAO",1,1
"87","3389-YGYAI",1,1
"88","7137-RYLPP",0.999999999998944,1
"89","3217-FZDMN",1,1
"90","7480-QNVZJ",0.999999990558173,1
"91","3247-ZVOUO",1,1
"92","4325-NFSKC",1,1
"93","6029-WTIPC",1,1
"94","7450-NWRTR",1,1
"95","5959-BELXA",0.999999999999995,1
"96","2657-ALMWY",0.99999999994855,1
"97","0193-ESZXP",0.999999999997108,1
"98","1891-UAWWU",1,1
"99","1363-TXLSL",1,1
"100","7136-RVDTZ",0.000427677180483976,1
"101","3398-ZOUAA",0.999999999997694,1
"102","7248-VZQLC",0.999999999995947,1
"103","6496-SLWHQ",1,1
"104","5383-MMTWC",1,1
"105","9090-SGQXL",0.99999992238781,1
"106","6595-YGXIT",0.999999999999998,1
"107","3097-NQYSN",1,1
"108","3565-UNOCC",1,1
"109","6328-ZPBGN",1,1
"110","5813-UECBU",0.999999999997981,1
"111","4342-HENTK",1,1
"112","9661-MHUMO",0.999999979799054,1
"113","8884-ADFVN",1,1
"114","8634-MPHTR",0.999999999999989,1
"115","7235-NXZCP",1,1
"116","9317-WZPGV",1,1
"117","1389-CXMLU",1,1
"118","7359-SSBJK",0.999762624758042,1
"119","7957-RYHQD",0.999999999526429,1
"120","3990-QYKBE",0.999999999999966,1
"121","9274-CNFMO",1,1
"122","5480-HPRRX",0.999990820451153,1
"123","1400-MMYXY",1,1
"124","3841-NFECX",0.187258826483313,0
"125","3413-BMNZE",0.999999991812415,0
"126","5386-THSLQ",3.18244115280581e-10,0
"127","9058-HRZSV",0.992775997891478,0
"128","4522-AKYLR",0.999996173957577,0
"129","0221-WMXNQ",0.999999999999896,0
"130","7529-ZDFXI",0.989585536536324,0
"131","4716-HHKQH",0.999999999999999,0
"132","4847-TAJYI",1,0
"133","0021-IKXGC",0.999999999999458,0
"134","3351-NGXYI",0.99999963804747,0
"135","0224-RLWWD",0.999999995470032,0
"136","3951-NJCVI",0.999880750942797,0
"137","0111-KLBQG",0.999894865758693,0
"138","5760-WRAHC",0.999999998201064,0
"139","4612-SSVHJ",0.999999995047206,0
"140","5756-OZRIO",6.51960966660864e-07,0
"141","6705-LXORM",0.999999999995743,0
"142","0356-OBMAC",0.999999994468517,0
"143","4676-MQUEA",0.99999799573933,0
"144","6030-REHUX",0.999999999998318,0
"145","6797-UCJHZ",0.999927022117247,0
"146","3509-GWQGF",0.999999997459368,0
"147","7251-LJBQN",0.999999999999671,0
"148","6952-OMNWB",0.000884202681066053,0
"149","1307-TVUFB",0.999948295073342,0
"150","2123-AGEEN",0.999999999999999,0
"151","1258-YMZNM",0.999999999999999,0
"152","6630-UJZMY",0.999999999994547,0
"153","2858-EIMXH",0.999999959643876,0
"154","7868-TMWMZ",0.999763943174971,0
"155","8883-GRDWQ",0.997521431451747,0
"156","2176-LVPNX",0.954939484148654,0
"157","6242-MBHPK",0.999999999999613,0
"158","4782-OSFXZ",0.566606636193686,0
"159","1282-IHQAC",2.21692004445672e-07,0
"160","5461-QKNTN",0.999999998402444,0
"161","8089-UZWLX",0.988954227768586,0
"162","1543-LLLFT",0.999999022993178,0
"163","1728-CXQBE",0.994046522524046,0
"164","3292-PBZEJ",1,0
"165","0993-OSGPT",1.58904452218776e-07,0
"166","6267-DCFFZ",0.999914157225613,0
"167","6407-UTSLV",1,0
"168","1320-REHCS",0.999999950213778,0
"169","8623-ULFNQ",0.999611971603172,0
"170","3402-XRIUO",0.999978872461932,0
"171","0523-VNGTF",0.0925989546823192,0
"172","7105-MXJLL",0.990287383902765,0
"173","0308-GIQJT",0.999943269549455,0
"174","7361-YPXFS",0.999869858799836,0
"175","4079-VTGLK",0.959618341917687,0
"176","8495-LJDFO",0.999997649985538,0
"177","3597-YASZG",0.997506840376276,0
"178","9168-INPSZ",0.999983450548733,0
"179","2754-SDJRD",1,0
"180","9776-OJUZI",0.998998121818069,0
"181","4238-JSSWH",0.999999994873668,0
"182","2573-GYRUU",0.999994344819351,0
"183","6360-SVNWV",0.999999519410651,0
"184","6614-YWYSC",1.90042251917593e-12,0
"185","9825-YCXWZ",0.999999869591629,0
"186","2000-DHJUY",0.429725883452307,0
"187","9137-NOQKA",0.0213169010241095,0
"188","4526-ZJJTM",0.999999999994179,0
"189","8250-ZNGGW",0.999999979720888,0
"190","1855-CFULU",0.000697709817802791,0
"191","8628-MFKAX",0.999989847446617,0
"192","5387-ASZNZ",0.000752263226968781,0
"193","7923-IYJWY",0.999999984961597,0
"194","5857-TYBCJ",0.999960417221678,0
"195","5456-ITGIC",2.48114531375179e-12,0
"196","9391-DXGGG",0.999999378103587,0
"197","9844-FELAJ",0.999990238581707,0
"198","9281-OFDMF",0.999999938357697,0
"199","7636-OWBPG",0.996816931219471,0
"200","2195-VVRJF",0.999873717588413,0
"201","2921-XWDJH",0.999999986258346,0
"202","9799-CAYJJ",0.999999999989469,0
"203","1568-BEKZM",0.0139274769732937,0
"204","6185-TASNN",0.999999595065436,0
"205","8707-RMEZH",0.0640344640817674,0
"206","9373-WSLOY",0.994922787884404,0
"207","9819-FBNSV",0.997550335445542,0
"208","3258-SYSWS",0.99999981346274,0
"209","2900-PHPLN",1.28356874441112e-13,0
"210","5288-AHOUP",0.999999999999402,0
"211","9481-IEBZY",0.999523610979317,0
"212","1080-BWSYE",6.06357176546808e-14,0
"213","3308-JSGML",0.00804062548254218,0
"214","0531-ZZJWQ",0.000230898747848036,0
"215","3452-GWUIN",0.999999939302222,0
"216","4223-WOZCM",0.999972082962795,0
"217","1768-HNVGJ",0.999299241221777,0
"218","4395-PZMSN",0.999999999999934,0
"219","8189-XRIKE",0.999999999534614,0
"220","7576-JMYWV",0.999999992811401,0
"221","2665-NPTGL",0.999999999114762,0
"222","5329-KRDTM",8.07235667193056e-05,0
"223","0471-ARVMX",0.999797902895907,0
"224","7524-VRLPL",0.0235545749740295,0
"225","7594-LZNWR",0.999999181583343,0
"226","5304-EFJLP",0.99954593537225,0
"227","8565-WUXZU",1.29685268852411e-05,0
"228","3898-GUYTS",0.999999986193443,0
"229","3703-KBKZP",0.999999769576416,0
"230","2197-OMWGI",4.60849022224222e-09,0
"231","7852-LECYP",0.999999999683824,0
"232","8595-SIZNC",1.23387860727205e-05,0
"233","9699-UBQFS",0.999999989402069,0
"234","9758-MFWGD",2.69226678099047e-09,0
"235","1078-TDCRN",0.0103757164204858,0
"236","1028-FFNJK",0.999999999985588,0
"237","3001-UNBTL",0.999999999999746,0
"238","4282-ACRXS",0.00031288229182536,0
"239","9233-PSYHO",0.999999996654089,0
"240","2615-YVMYX",0.998213234827319,0
"241","5419-JKZNQ",0.99999999650071,0
"242","9591-YVTEB",0.00160308903161606,0
"243","6723-WSNTY",0.999999803952013,0
"244","7856-GANIL",0.999999999886451,0
"245","0248-PGHBZ",0.851033568728265,0
"246","5985-BEHZK",0.989588383790574,0
"247","8029-XYPWT",0.99998204567627,0
"248","1576-PFZIW",0.990376417169593,0
"249","2522-WLNSF",0.998839108506703,0
"250","5327-XOKKY",0.000266081242520204,0
"251","1580-BMCMR",0.999999999998957,0
"252","5135-GRQJV",0.99999356267771,0
"253","1371-WEPDS",0.052497834119536,0
"254","5937-EORGB",0.999999999967309,0
"255","4118-CEVPF",0.999999999999988,0
"256","9693-XMUOB",5.37716702651742e-07,0
"257","1635-NZATJ",1.8224383744786e-16,0
"258","9943-VSZUV",0.186510870539709,0
"259","8421-WZOOW",0.999660920898996,0
"260","0282-NVSJS",0.665936163760526,0
"261","7537-CBQUZ",0.999999981436238,0
"262","2322-VCZHZ",0.99999999999391,0
"263","0644-OQMDK",0.999999999989098,0
"264","5188-HGMLP",6.30991613558789e-06,0
"265","5331-RGMTT",0.999972438806785,0
"266","6121-TNHBO",0.988651724172443,0
"267","3865-ZYKAD",0.0723527727670393,0
"268","3518-FSTWG",0.999978799314309,0
"269","1104-TNLZA",0.999999999996516,0
"270","6969-MVBAI",0.999999999997683,0
"271","6437-UDQJM",0.0446023181905188,0
"272","3798-EPWRR",0.999982893218913,0
"273","2452-MRMZF",2.99130816328498e-16,0
"274","5481-NTDOH",0.998398392851626,0
"275","2267-WTPYD",0.999723753975028,0
"276","9129-UXERG",0.999999999999981,0
"277","5820-PTRYM",0.0398697874273686,0
"278","7789-CRUVC",0.999997490915117,0
"279","2274-XUATA",2.57932466591614e-07,0
"280","2235-DWLJU",0.999892066722077,0
"281","3668-QPYBK",0.999999999932119,1
"282","9305-CDSKC",0.999999999999999,1
"283","4190-MFLUW",0.999999969532709,1
"284","6467-CHFZW",0.999999999999813,1
"285","8773-HHUOZ",0.999999999817123,1
"286","8168-UQWWF",0.999999999999999,1
"287","9191-MYQKX",0.999999999999994,1
"288","3874-EQOEP",1,1
"289","3376-BMGFE",0.999999999999999,1
"290","0691-JVSYA",0.999999980368378,1
"291","6317-YPKDH",0.999999994751002,1
"292","1024-GUALD",0.99988735723141,1
"293","2232-DMLXU",0.999999999913198,1
"294","8937-RDTHP",0.999999999999998,1
"295","6432-TWQLB",0.999999999999991,1
"296","4484-GLZOU",0.999999767325997,1
"297","3580-REOAC",0.999995166210269,1
"298","4322-RCYMT",0.261118692037343,1
"299","0219-YTZUE",0.999999999977987,1
"300","7989-CHGTL",0.999989946558288,1
"301","0578-SKVMF",0.999999999996762,1
"302","3811-VBYBZ",1,1
"303","8372-JUXUI",0.999999999999998,1
"304","8205-OTCHB",0.991457762974621,1
"305","7783-YKGDV",1,1
"306","4636-QRJKY",0.99999999999999,1
"307","1342-JPNKI",0.999999999998944,1
"308","1218-VKFPE",0.990562509019662,1
"309","3627-FHKBK",0.999999999999999,1
"310","4765-OXPPD",0.999999999993239,1
"311","7207-RMRDB",0.999983543262357,1
"312","3859-CVCET",0.999999999890233,1
"313","3276-HDUEG",0.999999999999994,1
"314","0822-GAVAP",0.999999990922406,1
"315","2276-YDAVZ",0.999999999999969,1
"316","4952-YSOGZ",0.999999999999998,1
"317","2189-WWOEW",0.999999999987221,1
"318","1894-IGFSG",0.999999999999986,1
"319","7379-POKDZ",0.999999999999972,1
"320","3900-AQPHZ",0.99326689473006,1
"321","2037-XJFUP",0.999999999990971,1
"322","7314-OXENN",0.999999999999948,1
"323","1450-GALXR",1,1
"324","9101-BWFSS",0.999999999974826,1
"325","6982-SSHFK",0.999999999875394,1
"326","3027-ZTDHO",1,1
"327","3671-SHRSP",0.999999999999638,1
"328","3313-QKNKB",0.993273828199944,1
"329","2719-BDAQO",0.999999999999999,1
"330","8603-IJWDN",0.999999999999998,1
"331","9524-EGPJC",0.999999999999999,1
"332","8818-XYFCQ",0.99999999999999,1
"333","4883-QICIH",0.999998013061405,1
"334","1624-WOIWJ",0.999999999999999,1
"335","9878-TNQGW",0.999999999999992,1
"336","8844-TONUD",1,1
"337","0125-LZQXK",1,1
"338","5673-FSSMF",0.99999999898898,1
"339","1579-KLYDT",1,1
"340","3927-NLNRY",0.99999436363442,1
"341","6358-LYNGM",0.999999999999927,1
"342","5494-HECPR",0.999999999999996,1
"343","9897-KXHCM",1,1
"344","7979-CORPM",0.999999999998959,1
"345","1689-MRZQR",0.999993906119845,1
"346","5835-BEQEU",0.999999999999997,1
"347","2223-KAGMX",0.972201533728353,1
"348","2833-SLKDQ",0.999999999933906,1
"349","7595-EUIVN",1,1
"350","5027-XWQHA",0.999999053329434,1
"351","1184-PJVDB",0.999999999999997,1
"352","9415-DPEWS",0.999999999998729,1
"353","7721-JXEAW",1.73036869757868e-05,1
"354","3473-XIIIT",1,1
"355","7893-IXHRQ",0.999070129302565,1
"356","9283-LZQOH",0.999999999999911,1
"357","7079-QRCBC",1,1
"358","5469-CTCWN",0.999999999820617,1
"359","2667-WYLWJ",0.0418396886483355,1
"360","6326-MTTXK",1,1
"361","2886-KEFUM",0.999999668732531,1
"362","9651-GTSAQ",0.999999679819354,1
"363","0637-YLETY",1,1
"364","1205-WNWPJ",0.999999998610784,1
"365","8387-MOJJT",0.999999999039761,1
"366","6032-KRXXO",0.999999999978388,1
"367","3092-IGHWF",0.982387765001764,1
"368","2058-DCJBE",0.999999999999942,1
"369","8593-WHYHV",1,1
"370","0107-YHINA",1,1
"371","8640-SDGKB",0.999999999999718,1
"372","4116-TZAQJ",0.999999999999983,1
"373","3877-JRJIP",0.999999999999351,1
"374","3198-VELRD",1,1
"375","7530-HDYDS",0.999999972066428,1
"376","9172-ANCRX",1,1
"377","4816-LXZYW",0.999999999999913,1
"378","4911-BANWH",0.999999998709023,1
"379","8496-EJAUI",0.999999997224373,1
"380","6990-YNRIO",0.999999999215756,1
"381","0621-TWIEM",0.999999998975466,1
"382","2485-ITVKB",0.999994966666031,1
"383","3669-OYSJI",0.99999999846485,1
"384","1612-EOHDH",0.999999846831003,1
"385","7054-LGEQW",0.999999924500064,1
"386","6770-XUAGN",0.96790246087457,1
"387","3143-ILDAL",0.999875062699562,1
"388","2484-DGXPZ",7.74960025745146e-07,1
"389","0420-BWTPW",0.994021665891374,1
"390","9614-RMGHA",0.999688488823764,1
"391","5054-IEXZT",0.999999999999397,1
"392","0348-SDKOL",0.999999951189636,1
"393","5419-KLXBN",0.999999999992183,1
"394","7615-ESMYF",0.999995720337834,1
"395","6845-RGTYS",0.99999999997298,1
"396","6481-OGDOO",0.998847791290034,1
"397","3753-TSEMP",1,1
"398","6298-QDFNH",0.999999999999917,1
"399","9734-UYXQI",0.99999999997844,1
"400","1084-UQCHV",0.999999999999802,1
"401","2955-BJZHG",0.999999999999952,1
"402","9300-RENDD",0.999999999999994,1
"403","2153-MREFK",0.999999999999862,1
"404","7802-EFKNY",0.999964586060654,1
"405","8035-BUYVG",0.517351312761727,1
"406","3023-GFLBR",0.999999999997917,1
"407","0524-IAVZO",0.999999999798416,1
"408","2514-GINMM",1,1
"409","8182-BJDSI",0.999999999999999,1
"410","2482-CZGBB",0.999999999999966,1
"411","0866-QLSIR",0.999923568777636,1
"412","6204-IEUXJ",0.999999999999934,1
"413","4529-CKBCL",1,1
"414","2506-CLAKW",1,1
"415","3571-RFHAR",0.999999998525725,1
"416","9578-VRMNM",0.999999999998781,1
"417","2672-DZUOY",0.999999193254584,1
"418","2884-GBPFB",0.999869067894691,1
"419","5136-KCKGI",0.999999999999768,1
"420","7854-FOKSF",0.999999999829938,1
"421","3325-FUYCG",1,1
"422","1323-OOEPC",0.999999996751225,1
"423","3707-GNWHM",1,1
"424","4277-PVRAN",0.999999999999998,1
"425","8178-EYZUO",0.999999999781731,1
"426","4446-BZKHU",0.99999999994804,1
"427","5028-GZLDO",1,1
"428","6849-WLEYG",0.176938808369335,1
"429","4659-NZRUF",0.999999999999976,1
"430","0431-APWVY",0.999999998613595,1
"431","4139-SUGLD",0.42239687987703,1
"432","2691-NZETQ",0.999999999999999,1
"433","5013-SBUIH",0.999999999999969,1
"434","7209-JCUDS",1,1
"435","2004-OCQXK",1,1
"436","2115-BFTIW",0.9999999999901,1
"437","0564-JJHGS",1,1
"438","0596-BQCEQ",0.999999973305085,1
"439","7613-LLQFO",0.999999999999991,1
"440","2640-PMGFL",0.999999999994893,1
"441","8740-XLHDR",0.999999248753293,1
"442","7120-RFMVS",0.999999999999999,1
"443","0268-QKIWO",0.361171208481022,1
"444","6979-ZNSFF",1,1
"445","4822-NGOCH",0.999999999999998,1
"446","2919-HBCJO",1,1
"447","4236-XPXAV",1,1
"448","7410-KTVFV",0.999999995357569,1
"449","8393-DLHGA",1,1
"450","0587-DMGBH",0.99999613539284,1
"451","3523-QRQLL",0.999999997162285,1
"452","3148-BLQJT",0.999672538009438,1
"453","6347-DCUIK",1,1
"454","7663-RGWBC",0.99999999974198,1
"455","4585-HETAI",0.999999999999954,1
"456","7526-BEZQB",1,1
"457","2108-YKQTY",0.999999803604843,1
"458","4918-QLLIW",0.999999999839015,1
"459","4112-LUEIZ",0.999999999999992,1
"460","4510-HIMLV",0.99999999999999,1
"461","2430-USGXP",1,1
"462","3834-XUIFC",1,1
"463","7599-FKVXZ",0.999999999999999,1
"464","5998-VVEJY",0.99999996562577,1
"465","8816-VXNZD",0.999999999999964,1
"466","1240-KNSEZ",0.99137057681685,1
"467","3716-BDVDB",1,1
"468","2839-RFSQE",0.999728647773198,1
"469","0968-GSIKN",0.999999999948085,1
"470","6771-XWBDM",0.999999999992697,1
"471","0684-AOSIH",1,1
"472","8260-NGFNY",0.999976380054203,1
"473","6598-RFFVI",0.781940185053759,1
"474","3594-UVONA",0.999999999894493,1
"475","5089-IFSDP",0.999999999900318,1
"476","0991-BRRFB",0.999987112282043,1
"477","9025-AOMKI",1,1
"478","7716-YTYHG",0.999998687917769,1
"479","4255-DDUOU",0.999927406707709,1
"480","5590-YRFJT",0.00516540126270344,1
"481","3677-TNKIO",0.999999999999685,1
"482","3329-WDIOK",0.999999999999392,1
"483","1915-IOFGU",0.999999999999973,1
"484","3045-XETSH",0.999999999999988,1
"485","2777-PHDEI",1,1
"486","4282-YMKNA",0.999999999999976,1
"487","3663-MITLP",0.999999999999999,1
"488","3737-GCSPV",1,1
"489","5108-ADXWO",0.999999999999476,1
"490","1567-DSCIC",1,1
"491","2150-UWTFY",0.999998614573089,1
"492","2683-BPJSO",0.999999999991311,1
"493","5445-PZWGX",0.999999999595769,1
"494","1043-YCUTE",2.421785625562e-13,1
"495","3814-MLAXC",0.999999999998349,1
"496","2187-LZGPL",0.999994313701768,1
"497","4013-TLDHQ",0.999999999999998,1
"498","6121-VZNQB",0.953997497107283,1
"499","5449-FIBXJ",0.999999999999983,1
"500","9837-BMCLM",0.999999999999989,1
"501","0137-UDEUO",0.994879141940531,1
"502","1455-UGQVH",1,1
"503","4603-JANFB",1,1
"504","3018-TFTSU",0.999999999999993,1
"505","3934-HXCFZ",0.999999999999998,1
"506","4355-HBJHH",0.996882840844152,1
"507","0318-QUUOB",1,1
"508","5520-FVEWJ",1,1
"509","3750-CKVKH",0.999999999999952,1
"510","2462-XIIJB",1,1
"511","7817-BOQPW",0.999999999999979,1
"512","8443-WVPSS",1,1
"513","6305-YLBMM",0.999963997568748,1
"514","0362-ZBZWJ",0.999999999996161,1
"515","7270-BDIOA",0.999999999999996,1
"516","9560-ARGQJ",0.999999999999989,1
"517","8714-EUHJO",0.999999999982436,1
"518","4432-ADRLB",0.999999999722349,1
"519","8993-PHFWD",0.999999960391999,1
"520","7330-WZLNC",0.999999999999998,1
"521","1449-XQEMT",0.999100855425207,1
"522","3669-LVWZB",0.9999999892969,1
"523","9725-SCPZG",1,1
"524","3943-KDREE",0.999999999607324,1
"525","4855-SNKMY",0.999997131537055,1
"526","8008-HAWED",0.999999993987733,1
"527","8292-TYSPY",0.999999971578548,1
"528","6653-CBBOM",1,1
"529","6101-IMRMM",1,1
"530","5980-NOPLP",0.999999980353792,1
"531","9874-QLCLH",1,1
"532","6000-APYLU",0.999999999993016,1
"533","0947-IDHRQ",0.999999999999924,1
"534","9048-JVYVF",0.999999999999729,1
"535","2794-XIMMO",0.947712296043148,1
"536","8382-SHQEH",1,1
"537","7845-URHJN",0.00118370482681801,1
"538","1981-INRFU",0.99999999999993,1
"539","8634-CILSZ",0.999916301066821,1
"540","9530-EHPOH",0.999999999992782,1
"541","3049-SOLAY",1,1
"542","8821-XNHVZ",0.999999999999978,1
"543","9564-KCLHR",0.999999999997712,1
"544","2082-CEFLT",0.99999999973881,1
"545","3143-JQEGI",0.999999999999999,1
"546","4919-IKATY",1,1
"547","9095-HFAFX",1,1
"548","2722-VOJQL",0.999999999804937,1
"549","5228-EXCET",0.999999999999998,1
"550","6331-LWDTQ",0.999999999999172,1
"551","3512-IZIKN",0.209743159246576,1
"552","8718-PTMEZ",0.998895098243082,1
"553","6437-UKHMV",0.999999999999904,1
"554","5536-SLHPM",0.878933886641659,1
"555","4614-NUVZD",0.999999999999997,1
"556","9572-MTILT",0.99999993190033,1
"557","9611-CTWIH",1,1
"558","0329-GTIAJ",1,1
"559","2225-ZRGSG",0.999649457327783,1
"560","7228-OMTPN",0.999999999999971,1
"561","3799-ISUZQ",0.99999999293317,1
"562","5143-WMWOG",0.999767945109441,1
"563","5510-BOIUJ",0.00418078385796422,1
"564","4471-KXAUH",0.999999843871912,1
"565","5196-SGOAK",0.999999999999573,1
"566","0363-QJVFX",1,1
"567","9840-DVNDC",0.999999999999998,1
"568","5883-GTGVD",1,1
"569","9507-EXLTT",0.999999999999999,1
"570","6017-PPLPX",0.999999999994013,1
"571","0378-NHQXU",0.999999999753179,1
"572","0568-ONFPC",0.999824719727241,1
"573","2968-SSGAA",1,1
"574","3538-WZPHD",0.999999693124085,1
"575","4905-JEFDW",0.999969205345594,1
"576","7881-INRLC",0.999999999994281,1
"577","6172-FECYY",0.999995160614343,1
"578","1522-VVDMG",1,1
"579","9185-TQCVP",0.999999999999923,1
"580","5685-IIXLY",0.999999999999992,1
"581","2027-OAQQC",0.999884724625289,1
"582","1555-DJEQW",0.999999971820812,1
"583","0519-XUZJU",0.999999999999989,1
"584","6338-AVWCY",0.999312771354031,1
"585","9445-SZLCH",0.999999999975178,1
"586","7568-PODML",0.999999999654474,1
"587","8364-TRMMK",0.999999999993436,1
"588","0871-URUWO",1,1
"589","3627-FCRDW",0.999999999880083,1
"590","7562-GSUHK",1,1
"591","4903-UYAVB",0.999962731996632,1
"592","6776-TLWOI",0.997775820382604,1
"593","4077-CROMM",0.999999999999999,1
"594","4789-KWMXN",0.99999999999979,1
"595","2867-UIMSS",1,1
"596","9681-OXGVC",1,1
"597","6521-YYTYI",1,1
"598","3751-KTZEL",0.999999999855079,1
"599","2530-ENDWQ",0.975917583241978,1
"600","9250-WYPLL",0.999999999999899,1
"601","8752-STIVR",0.999999999999995,1
"602","4558-FANTW",1,1
"603","8073-IJDCM",0.770320591311121,1
"604","2869-ADAWR",0.999999992946349,1
"605","3058-HJCUY",0.999999999999653,1
"606","0807-ZABDG",0.999999999939609,1
"607","6302-JGYRJ",0.999999999524444,1
"608","4351-QLCSU",0.999999999999783,1
"609","9728-FTTVZ",0.999999999994071,1
"610","5708-EVONK",0.999999784518878,1
"611","8708-XPXHZ",0.99999999996889,1
"612","7016-BPGEU",0.938182609748519,1
"613","5712-PTIWW",0.999999999999999,1
"614","2856-HYAPG",0.999999999999999,1
"615","4488-PSYCG",0.309920828738451,1
"616","6906-ANDWJ",0.999999999991044,1
"617","9210-IAHGH",0.999999999999998,1
"618","4415-IJZTP",1,1
"619","1465-VINDH",0.999999999999999,1
"620","7931-PXHFC",0.978840271573092,1
"621","4919-MOAVT",0.999999999999987,1
"622","1113-IUJYX",1,1
"623","4078-SAYYN",1,1
"624","9940-HPQPG",1,1
"625","2685-SREOM",0.999999999999985,1
"626","0402-CQAJN",0.999999999920195,1
"627","0295-PPHDO",1,1
"628","1195-OIYEJ",1,1
"629","7603-USHJS",0.999999999838022,1
"630","5570-PTWEH",0.999999999999956,1
"631","3976-BWUCK",0.999999999997803,1
"632","3585-ISXZP",1,1
"633","4174-LPGTI",0.995016875919786,1
"634","6304-IJFSQ",0.999999992904319,1
"635","0093-XWZFY",0.999999999999998,1
"636","1122-JWTJW",1,1
"637","8775-CEBBJ",0.999999603262957,1
"638","6713-OKOMC",0.436768047533742,0
"639","9763-GRSKD",0.998553415916652,0
"640","7469-LKBCI",4.76525561094467e-06,0
"641","3655-SNQYZ",0.218751457926269,0
"642","8191-XWSZG",3.75684233686441e-12,0
"643","8865-TNMNX",0.998623501619164,0
"644","5948-UJZLF",0.997725450715509,0
"645","7639-LIAYI",0.229359045199142,0
"646","8769-KKTPH",0.998809903743518,0
"647","5122-CYFXA",0.999999999999823,0
"648","3170-NMYVV",1.40025456301887e-15,0
"649","9919-YLNNG",0.999999972712066,0
"650","4808-YNLEU",0.771897000599676,0
"651","4767-HZZHQ",0.999946474703232,0
"652","6067-NGCEU",0.999899033888418,0
"653","6380-ARCEH",0.027052884958693,0
"654","3679-XASPY",0.159877065077047,0
"655","8597-CWYHH",0.999999967835507,0
"656","4549-ZDQYY",3.74055689009334e-05,0
"657","5712-AHQNN",0.995166977768606,0
"658","5256-SKJGO",1.07604444465062e-07,0
"659","3071-VBYPO",0.999999999999894,0
"660","9560-BBZXK",3.68194747400785e-06,0
"661","8402-OOOHJ",1.90664563663778e-12,0
"662","9445-ZUEQE",0.999999972875146,0
"663","6734-PSBAW",7.7673633058625e-15,0
"664","2876-GZYZC",0.999999998463697,0
"665","7799-LGRDP",1.30008261771873e-10,0
"666","2636-SJDOU",0.0755003183188464,0
"667","9073-ZZIAY",0.025377704242645,0
"668","4482-EWFMI",0.999999976780965,0
"669","7654-YWJUF",0.999460438939344,0
"670","6727-IOTLZ",0.999999999910231,0
"671","1744-JHKYS",9.63646993921809e-10,0
"672","6582-OIVSP",0.967125037051462,0
"673","8017-UVSZU",9.10792780142735e-05,0
"674","2146-EGVDT",4.18391979644862e-15,0
"675","9178-JHUVJ",1.62488753784987e-07,0
"676","9323-HGFWY",0.99999999999986,0
"677","9142-KZXOP",0.993951689596004,0
"678","4195-NZGTA",0.201379087550303,0
"679","7157-SMCFK",5.82145346676511e-17,0
"680","0945-TSONX",0.631735609507578,0
"681","2651-ZCBXV",0.999999702107624,0
"682","3316-UWXUY",0.999972524006647,0
"683","7083-MIOPC",2.64970412700121e-16,0
"684","7301-ABVAD",0.0345931283558997,0
"685","6614-FHDBO",0.999965165050536,0
"686","7576-ASEJU",5.03834657474191e-05,0
"687","3675-YDUPJ",2.34838885632871e-05,0
"688","6292-TOSSS",2.09502034704643e-10,0
"689","4130-MZLCC",0.999996472426675,0
"690","6202-DYYFX",0.999999959472073,0
"691","3727-OWVYD",0.972443325553626,0
"692","2985-JUUBZ",0.0474758775238224,0
"693","0895-LMRSF",0.998904165569828,0
"694","8181-YHCMF",1.76423761490255e-11,0
"695","2240-HSJQD",0.963505261807912,0
"696","1248-DYXUB",1.88122791713476e-15,0
"697","4091-TVOCN",0.99767780669728,0
"698","9880-TDQAC",2.28868185245397e-08,0
"699","8626-PTQGE",1.2347071474743e-05,0
"700","2088-IEBAU",0.769525331054081,0
"701","7982-VCELR",0.999999890435641,0
"702","5176-LMJXE",3.2996074462106e-13,0
"703","3583-KRKMD",0.999999966437029,0
"704","9069-LGEUL",0.480953576641932,0
"705","5686-CMAWK",0.999999606143627,0
"706","5522-JBWMO",0.999456327292104,0
"707","5876-QMYLD",1.3009184289619e-11,0
"708","7606-BPHHN",3.67287668735482e-16,0
"709","5605-IYGFG",0.999999999989641,0
"710","2320-SLKMB",0.228565253552812,0
"711","4980-URKXC",2.13047246319325e-11,0
"712","0732-OCQOC",9.7286098929974e-18,0
"713","5168-MSWXT",0.999999999783772,0
"714","0942-KOWSM",0.904376840267906,0
"715","5968-XQIVE",0.0716314709383611,0
"716","8896-RAZCR",4.62492996537745e-14,0
"717","0486-LGCCH",0.000995741710838819,0
"718","5168-MQQCA",0.990846870434561,0
"719","7971-HLVXI",5.34532993448449e-06,0
"720","4134-BSXLX",0.0839071630384243,0
"721","0505-SPOOW",1.77694949568224e-20,0
"722","7803-XOCCZ",0.999260391338419,0
"723","8677-HDZEE",0.999999628433023,0
"724","4234-XTNEA",0.999999999765418,0
"725","0621-HJWXJ",0.383347261380974,0
"726","8138-EALND",3.59014274077996e-08,0
"727","3580-HYCSP",0.200912011617626,0
"728","1352-HNSAW",0.378744829089933,0
"729","3701-SFMUH",0.99999999853662,0
"730","0308-IVGOK",0.0271046214931842,0
"731","7293-LSCDV",1.22118233452964e-17,0
"732","0459-SPZHJ",0.00205125169465102,0
"733","0215-BQKGS",0.999999309935802,0
"734","0374-FIUCA",4.09305263125119e-13,0
"735","2731-GJRDG",0.999999999999714,0
"736","4851-BQDNX",0.999283825583748,0
"737","7954-MLBUN",0.999999377144731,0
"738","2085-JVGAD",5.74474557680652e-10,0
"739","7501-IWUNG",3.51345478360433e-06,0
"740","5313-FPXWG",8.46833472357021e-13,0
"741","9661-JALZV",2.17773196268909e-15,0
"742","1216-JWVUX",0.999999914270123,0
"743","2521-NPUZR",0.00525230955819657,0
"744","6923-JHPMP",0.999999999899864,0
"745","6425-JWTDV",6.62774211894846e-15,0
"746","1410-RSCMR",0.999999994624726,0
"747","0139-IVFJG",0.999999999340658,0
"748","5684-FJVYR",1.95879055995594e-05,0
"749","4013-GUXND",0.0113004620531387,0
"750","1266-NZYUI",8.04013730673752e-08,0
"751","7706-DZNKK",0.0106999012059689,0
"752","3758-CKOQL",0.383809901310843,0
"753","7521-AFHAB",0.869452228452862,0
"754","4992-LTJNE",1.32074570663607e-12,0
"755","0810-BDHAW",0.999999249114462,0
"756","9926-PJHDQ",3.45767499642962e-05,0
"757","8098-TDCBU",2.6493440539914e-13,0
"758","3196-NVXLZ",0.999999999435046,0
"759","4220-TINQT",0.966736810100514,0
"760","9777-IQHWP",0.958756747484901,0
"761","2732-ISEZX",0.255069545527947,0
"762","0323-XWWTN",0.000362654043978438,0
"763","1937-OTUKY",0.179324728773693,0
"764","3050-GBUSH",0.943317600133227,0
"765","0048-LUMLS",0.998070460915505,0
"766","5898-IGSLP",0.999999990692425,0
"767","8975-SKGRX",0.982124671267798,0
"768","0297-RBCSG",0.999990669534524,0
"769","4694-PHWFW",3.42128144642035e-06,0
"770","0835-JKADZ",0.997619247933717,0
"771","6024-RUGGH",5.81941526860464e-17,0
"772","0862-PRCBS",0.81973734227979,0
"773","5787-KXGIY",3.24671833776251e-16,0
"774","2692-AQCPF",0.990759639061419,0
"775","0835-DUUIQ",2.2782993351102e-08,0
"776","7567-ECMCM",0.999997827768802,0
"777","0851-DFJKB",0.999840602888559,0
"778","5382-SOYZL",0.999999999866665,0
"779","4378-BZYFP",0.000317712988834881,0
"780","3318-ISQFQ",5.40802964438533e-06,0
"781","8165-ZJRNM",1.55249650104998e-20,0
"782","2604-XVDAM",0.996976171902037,0
"783","9046-JBFWA",1.46471052833331e-08,0
"784","8361-LBRDI",6.25171646826074e-13,0
"785","8120-JDCAM",0.999999994916952,0
"786","8917-FAEMR",7.22098555664389e-10,0
"787","0929-HYQEW",0.999994492688262,0
"788","7649-SIJJF",4.36399937606035e-06,0
"789","3422-WJOYD",0.000333041361373075,0
"790","7147-AYBAA",0.999997303597259,0
"791","8146-QQKZH",8.84276157786164e-07,0
"792","3354-OADJP",0.999986184902311,0
"793","2829-HYVZP",1.02474805260542e-08,0
"794","7013-PSXHK",0.998685247297501,0
"795","3800-LYTRK",0.999171873097169,0
"796","9646-NMHXE",5.50798093406611e-16,0
"797","4121-AGSIN",2.12747571593113e-17,0
"798","0301-KOBTQ",8.17831722351676e-11,0
"799","4367-NUYAO",3.3010348179487e-08,0
"800","4546-FOKWR",0.999968217409479,0
"801","8659-IOOPU",0.183809118796148,0
"802","0343-QLUZP",1.54939727102629e-09,0
"803","1459-QNFQT",1.11096497871085e-13,0
"804","8791-GFXLZ",0.974507706498045,0
"805","3156-QLHBO",0.837510528312112,0
"806","6621-NRZAK",1.70981142777241e-21,0
"807","0774-IFUVM",0.999592402787484,0
"808","9553-DLCLU",0.999999999990825,0
"809","2446-ZKVAF",0.00222320279986277,0
"810","3522-CDKHF",0.988663003152677,0
"811","8992-CEUEN",0.146406042687871,0
"812","4320-QMLLA",0.99999999150862,0
"813","6479-OAUSD",6.48643851439672e-06,0
"814","6994-ORCWG",0.480973137160529,0
"815","2933-XEUJM",0.908097746026749,0
"816","0887-WBJVH",0.999870916559414,0
"817","4660-IRIBM",0.999999973715198,0
"818","3916-NRPAP",0.999999998952096,0
"819","5232-NXPAY",0.893025347559322,0
"820","8967-SZQAS",0.555013183919345,0
"821","5542-NKVRU",7.86574279877028e-11,0
"822","5370-IIVVL",0.99999999997036,0
"823","0013-MHZWF",0.999999999105602,0
"824","4291-SHSBH",0.999999999858484,0
"825","0784-GTUUK",1.88389489322305e-18,0
"826","0872-JCPIB",0.999934983001246,0
"827","1299-AURJA",3.04054444486568e-20,0
"828","2120-SMPEX",2.40990451537966e-09,0
"829","0096-FCPUF",0.999938615801157,0
"830","6625-UTXEW",0.999997389974619,0
"831","2612-PHGOX",5.12239485720796e-05,0
"832","4821-WQOYN",3.78762372209192e-22,0
"833","8711-LOBKY",1.72903913782612e-13,0
"834","8390-FESFV",0.672241952036712,0
"835","0042-RLHYP",1.3120875566009e-21,0
"836","4945-RVMTE",0.999946766076051,0
"837","9277-JOOMO",0.00267951701789064,0
"838","4565-NLZBV",2.55861105540505e-19,0
"839","6682-VCIXC",0.00957620431553867,0
"840","6475-VHUIZ",0.000826785893441532,0
"841","7690-KPNCU",4.7501236779553e-05,0
"842","0536-BGFMZ",1.92069856823134e-10,0
"843","5469-NUJUR",1.49468391252438e-05,0
"844","7130-YXBRO",0.999997649344798,0
"845","9272-LSVYH",0.99999999988082,0
"846","1084-MNSMJ",0.254029794216228,0
"847","6250-CGGUN",0.981617985532229,0
"848","8999-YPYBV",0.999764353089999,0
"849","3071-MVJCD",6.69117469866343e-08,0
"850","0562-KBDVM",2.62112199250806e-09,0
"851","1131-SUEKT",0.996249663975857,0
"852","8714-CTZJW",0.999999999999986,0
"853","3569-EDBPQ",0.999999988481518,0
"854","1970-KKFWL",7.71428839392711e-08,0
"855","5977-CKHON",0.999999991943156,0
"856","5302-BDJNT",0.999999999592997,0
"857","5223-UZAVK",0.214557359965414,0
"858","3870-SPZSI",0.157250058260298,0
"859","5777-KJIRB",9.94211897414333e-05,0
"860","7677-SJJJK",2.24056894445727e-09,0
"861","7055-HNEOJ",0.999949212626996,0
"862","6362-QHAFM",0.999999999984602,0
"863","9824-QCJPK",8.91962714831655e-11,0
"864","5067-DGXLL",0.00215962566029147,0
"865","6281-FKEWS",6.77345556408348e-06,0
"866","9242-TKFSV",6.46317688246184e-11,0
"867","3195-TQDZX",9.78140515042431e-07,0
"868","6198-RTPMF",0.999999782610415,0
"869","3012-VFFMN",0.00204956706076464,0
"870","8096-LOIST",0.994230580230756,0
"871","4881-GQJTW",0.00170366106901646,0
"872","7876-DNYAP",1.00757734506756e-23,0
"873","2429-AYKKO",4.52573686695778e-19,0
"874","2245-ADZFJ",0.961741258711553,0
"875","7776-QGYJC",0.954037703470627,0
"876","4672-FOTSD",0.999999983660286,0
"877","3070-FNFZQ",2.69148234951456e-07,0
"878","2782-JEEBU",0.00168908093773872,0
"879","4522-XRWWI",0.999974525022514,0
"880","5816-JMLGY",5.98230839731768e-08,0
"881","6265-SXWBU",3.2117480799585e-05,0
"882","3813-DHBBB",8.81775887279543e-14,0
"883","6035-RIIOM",0.855818894740181,0
"884","9995-HOTOH",4.93017636858922e-07,0
"885","1371-OJCEK",4.55526598283743e-15,0
"886","9469-WEJBT",0.999999968380276,0
"887","2581-VKIRT",4.20931574226439e-05,0
"888","1171-TYKUR",5.62959085234426e-11,0
"889","8388-DMKAE",2.03917940515501e-06,0
"890","4403-BWPAY",0.000115203757705661,0
"891","9659-QEQSY",0.999999999676976,0
"892","2808-CHTDM",3.17841060275716e-10,0
"893","0793-TWELN",0.999999999999783,0
"894","8332-OSJDW",7.21803632842836e-05,0
"895","0274-JKUJR",0.99072613868294,0
"896","6223-DHJGV",4.03809268965586e-10,0
"897","6303-KFWSL",0.783782814634088,0
"898","1702-CCFNJ",0.000470423936312578,0
"899","0404-AHASP",7.76161994844444e-22,0
"900","9060-HJJRW",0.000689520169360692,0
"901","7398-SKNQZ",0.999999999962579,0
"902","8226-BXGES",0.0921988220045658,0
"903","1222-KJNZD",8.19030028599486e-08,0
"904","3768-VHXQO",1.67177953438272e-21,0
"905","8952-WCVCD",0.999999996600085,0
"906","3963-RYFNS",0.994182865368295,0
"907","7801-CEDNV",3.96989872685843e-06,0
"908","1803-BGNBD",0.999999922188598,0
"909","0409-WTMPL",0.998247897240547,0
"910","5091-HFAZW",0.999999999999981,0
"911","2586-CWXVV",1.67287063740047e-14,0
"912","8401-EMUWF",0.0850013373941983,0
"913","7492-TAFJD",0.0149625687502237,0
"914","2085-BOJKI",0.99999999424757,0
"915","1927-QEWMY",1.61696434072031e-19,0
"916","4450-MDZFX",1.23740319078692e-07,0
"917","2959-EEXWB",4.26914057137063e-07,0
"918","8356-WUAOJ",0.125558884916086,0
"919","7369-TRPFD",0.00379391145747002,0
"920","3279-DYZQM",9.28317043421286e-23,0
"921","9938-PRCVK",1.15322327283535e-09,0
"922","0973-KYVNF",1.61961581665188e-06,0
"923","5129-HHMZC",0.960155591422063,0
"924","3946-JEWRQ",0.99926157281422,0
"925","0463-WZZKO",4.12249625385179e-06,0
"926","3638-VBZTA",0.0862004981621909,0
"927","5777-ZPQNC",1.77474739745157e-07,0
"928","3318-NMQXL",1,0
"929","6637-KYRCV",0.9757672332473,0
"930","7188-CBBBA",0.490209325024656,0
"931","2801-NISEI",0.997396801078838,0
"932","6732-VAILE",5.12743175771206e-10,0
"933","7297-DVYGA",1.3754058582824e-13,0
"934","2239-CGBUZ",0.000760518021739276,0
"935","8267-KFGYD",0.894785271574409,0
"936","3764-MNMOI",4.72377452014365e-12,0
"937","0564-MUUQK",0.999999999848549,0
"938","0019-EFAEP",0.830591378893886,0
"939","3737-XBQDD",0.999999998160735,0
"940","5846-QFDFI",0.999997704129548,0
"941","4445-KWOKW",0.0541876832894241,0
"942","5110-CHOPY",2.50232608970732e-05,0
"943","7892-QVYKW",0.99999788565344,0
"944","9993-LHIEB",1.12904324161797e-07,0
"945","0017-DINOC",4.85572437011832e-09,0
"946","1492-QGCLU",0.000549621141596541,0
"947","2546-KZAAT",5.41355893224695e-07,0
"948","5989-PGKJB",0.999999982621598,0
"949","8100-HZZLJ",0.106148374871539,0
"950","3546-GHEAE",1.52997996866437e-07,0
"951","2550-QHZGP",1.64155931801357e-05,0
"952","7483-IQWIB",0.999998925121384,0
"953","5986-WWXDV",5.70235665475877e-09,0
"954","3061-BCKYI",0.00018576143954756,0
"955","6784-XYJAE",0.465469764081907,0
"956","3933-DQPWX",1.05732259383894e-06,0
"957","6661-EIPZC",6.9592137974571e-13,0
"958","2251-PYLPB",5.28821519686406e-06,0
"959","8087-LGYHQ",0.999999999999749,0
"960","8383-SGHJU",0.761386515854826,0
"961","7607-QKKTJ",0.99570578406848,0
"962","7707-PYBBH",0.0538408951979047,0
"963","4139-DETXS",3.82667783959354e-08,0
"964","0673-IGUQO",0.00072056486721337,0
"965","4123-FCVCB",0.999999951580384,0
"966","8819-IMISP",0.999995314124964,0
"967","8311-UEUAB",9.60707590496409e-05,0
"968","5858-EAFCZ",0.999998797821032,0
"969","1163-ONYEY",0.99782995426619,0
"970","6288-CHQJB",5.78486570460494e-05,0
"971","2560-WBWXF",7.26552016136575e-16,0
"972","9297-FVVDH",0.351664855010885,0
"973","5039-LZRQT",1.42082264199307e-06,0
"974","3995-WFCSM",0.999999204383638,0
"975","1895-QTKDO",0.900141061040121,0
"976","2038-OEQZH",0.999999999998036,0
"977","1178-PZGAB",2.24477848001153e-06,0
"978","2530-FMFXO",0.999973233543007,0
"979","5970-GHJAW",6.93610580723251e-19,0
"980","9798-DRYDS",0.710753011996752,0
"981","5802-ADBRC",0.999991494925507,0
"982","0839-JTCUD",7.92496781956915e-06,0
"983","8619-IJNDK",2.62189268662051e-11,0
"984","6479-SZPLM",6.97474942934943e-15,0
"985","8097-VBQTZ",0.0589910150426891,0
"986","9917-KWRBE",0.186445249212191,0
"987","8069-RHUXK",1.8591652400905e-12,0
"988","0829-DDVLK",1.73845740665353e-06,0
"989","1813-JLKWR",1.65804885446793e-20,0
"990","4957-TIALW",0.999999738995021,0
"991","8064-RAVOH",0.999989824219555,0
"992","2135-DQWAQ",0.999999999998044,0
"993","4056-QHXHZ",0.0221944421015267,0
"994","7401-JIXNM",0.978259638027706,0
"995","9154-QDGTH",0.999952221147321,0
"996","6463-HHXJR",0.0467018553883122,0
"997","1306-RPWXZ",2.40570344477242e-12,0
"998","4981-FLTMF",1.82301589350403e-05,0
"999","2637-FKFSY",0.999954672670243,0
"1000","0020-INWCK",2.05229264363976e-06,0
"1001","8739-XNIKG",0.999999999999736,0
"1002","9755-JHNMN",0.0469297237407963,0
"1003","3981-QSVQI",5.81370863921421e-05,0
"1004","4373-VVHQL",0.999913656269411,0
"1005","9101-NTIXF",1.55109868009904e-05,0
"1006","9314-QDMDW",0.999999971993297,0
"1007","7649-PHJVR",1.4331051858643e-06,0
"1008","6734-GMPVK",1,0
"1009","7389-KBFIT",0.13870944287651,0
"1010","1133-KXCGE",1.29809876443119e-06,0
"1011","1049-FYSYG",0.316626710070731,0
"1012","4716-MRVEN",1.51177197096906e-11,0
"1013","1212-GLHMD",0.999999999999825,0
"1014","6620-HVDUJ",0.218129012720978,0
"1015","1032-MAELW",1.31500175124102e-09,0
"1016","6188-UXBBR",4.6531391426615e-10,0
"1017","0679-TDGAK",0.672125347488785,0
"1018","9067-YGSCA",1.54431784524733e-18,0
"1019","1926-QUZNN",2.5293023427013e-18,0
"1020","0661-KBKPA",0.00345039486198754,0
"1021","8670-ERCJH",0.999459167266459,0
"1022","7758-UJWYS",5.0092061572068e-12,0
"1023","7175-NTIXE",0.999998993961059,0
"1024","7963-SHNDT",5.66288810018095e-07,0
"1025","4061-UKJWL",0.925142665211663,0
"1026","3230-JCNZS",0.17532410051692,0
"1027","7996-BPXHY",5.60549386661255e-07,0
"1028","5186-PEIZU",9.93195642194231e-13,0
"1029","3969-JQABI",0.0125436423207603,0
"1030","5849-ASHZJ",2.24378338198063e-08,0
"1031","8384-FZBJK",0.999988833202447,0
"1032","0962-CQPWQ",4.03284633266247e-17,0
"1033","7730-CLDSV",0.0110772170066044,0
"1034","0164-APGRB",0.998702854236207,0
"1035","7799-DSEWS",0.999998456544785,0
"1036","3130-ICDUP",0.999999999986767,0
"1037","0880-FVFWF",0.00218037918859018,0
"1038","0014-BMAQU",7.76202332658456e-06,0
"1039","4837-QUSFT",0.000324101788383878,0
"1040","4391-LNRXK",0.999999972868617,0
"1041","8562-GHPPI",0.000498688227462983,0
"1042","6131-FOYAS",0.970766156602037,0
"1043","3027-YNWZU",6.89394288523956e-19,0
"1044","8780-YRMTT",3.2491885521723e-07,0
"1045","5140-FOMCQ",0.977778096663672,0
"1046","5440-VHLUL",0.99997955443995,0
"1047","7883-ROJOC",0.0153968047317106,0
"1048","4635-EJYPD",6.75733138252965e-11,0
"1049","4636-TVXVG",4.8978537662409e-21,0
"1050","9392-XBGTD",6.11818656026037e-09,0
"1051","6402-SSEJG",0.990922223350849,0
"1052","2371-JUNGC",0.000344870428540387,0
"1053","3948-KXDUF",1.81406586698037e-05,0
"1054","6351-SCJKT",0.999472457077248,0
"1055","5468-BPMMO",1.00960935427519e-13,0
"1056","0197-PNKNK",0.000120025783379324,0
"1057","9534-NSXEM",6.15285958415838e-07,0
"1058","8929-KSWIH",0.999999999290792,0
"1059","6366-XIVKZ",0.999981919102681,0
"1060","3470-OBUET",4.00031811253382e-06,0
"1061","2770-NSVDG",0.000252948131997999,0
"1062","9375-MHRRS",0.959179299640523,0
"1063","4860-YZGZM",0.000940668499842253,0
"1064","6599-GZWCM",0.999989853370745,0
"1065","7037-MTYVW",0.758486291992253,0
"1066","4760-THGOT",0.979406297893141,0
"1067","2790-XUYMV",7.4453804512243e-06,0
"1068","1023-BQXZE",0.000879126068672181,0
"1069","3904-UKFRE",0.999999999999888,0
"1070","7599-NTMDP",1.4257177594975e-11,0
"1071","1575-KRZZE",0.999999996324238,0
"1072","4884-LEVMQ",3.22985958144448e-17,0
"1073","3638-DIMPH",0.976368193335082,0
"1074","0541-FITGH",0.999999984094188,0
"1075","6985-HAYWX",0.999999354351705,0
"1076","2740-TVLFN",0.999999841676293,0
"1077","4146-SVFUD",0.999668700848093,0
"1078","5226-NOZFC",0.99999999969198,0
"1079","6746-WAUWT",4.92220475914385e-05,0
"1080","2668-TZSPS",2.1741483648671e-05,0
"1081","7446-SFAOA",1.02309422400187e-12,0
"1082","5622-UEJFI",3.29784289191001e-10,0
"1083","6203-HBZPA",0.000825766290995898,0
"1084","2181-TIDSV",7.95694269353784e-17,0
"1085","4402-FTBXC",0.999972992473626,0
"1086","2931-XIQBR",0.989686324694695,0
"1087","2606-PKWJB",5.31894592356188e-05,0
"1088","5294-IMHHT",0.999350713708741,0
"1089","6176-YJWAS",0.0215034400730275,0
"1090","5311-IHLEI",0.999904733648838,0
"1091","5131-PONJI",0.993060212629727,0
"1092","9357-UJRUN",0.890736220422415,0
"1093","5906-BFOZT",0.00109582146913755,0
"1094","4674-HGNUA",0.00298016293717048,0
"1095","9786-IJYDL",0.999999999799769,0
"1096","1303-SRDOK",0.0351172847881708,0
"1097","3769-MHZNV",1.32557117203605e-07,0
"1098","6295-OSINB",0.866189112565573,0
"1099","3308-MHOOC",0.0612656208836119,0
"1100","8046-DNVTL",4.73917178948554e-14,0
"1101","4770-UEZOX",0.999999999995823,0
"1102","8084-OIVBS",1.06592910922578e-05,0
"1103","6377-KSLXC",2.28682496551394e-06,0
"1104","1796-JANOW",0.00223495007815832,0
"1105","6651-RLGGM",1.42557212514227e-17,0
"1106","1728-BQDMA",0.999997263968571,0
"1107","0960-HUWBM",0.999443536158856,0
"1108","0263-FJTQO",1.39074178010397e-06,0
"1109","7503-EPSZW",9.4061761447658e-16,0
"1110","4504-YOULA",0.867129443477706,0
"1111","3853-LYGAM",0.999999999998868,0
"1112","5505-OVWQW",8.58933643062563e-09,0
"1113","4429-WYGFR",0.045245794532005,0
"1114","5038-ETMLM",0.13170535846449,0
"1115","5056-FIMPT",0.999999209354729,0
"1116","8809-XKHMD",0.00049294329955183,0
"1117","7080-TNUWP",0.018870668255883,0
"1118","4567-AKPIA",0.999995235745528,0
"1119","9909-DFRJA",0.999999999992699,0
"1120","4962-CHQPW",1.96244268452752e-08,0
"1121","6429-SHBCB",0.999998970847699,0
"1122","1834-WULEG",1.83195692550051e-08,0
"1123","9766-HGEDE",5.80923301728186e-10,0
"1124","6568-POCUI",0.994938325112034,0
"1125","0570-BFQHT",0.999999999992014,0
"1126","3696-DFHHB",3.15370494899964e-17,0
"1127","3810-DVDQQ",0.506023155235874,0
"1128","8550-XSXUQ",0.000124878819624955,0
"1129","5960-MVTUK",0.99986608710711,0
"1130","3567-PQTSO",0.999972728529369,0
"1131","2703-AMTUL",0.000184392929706125,0
"1132","5402-HTOTQ",0.772468607503199,0
"1133","3717-FDJFU",0.000849280991567252,0
"1134","8853-TZDGH",0.635108680139849,0
"1135","6924-TDGMT",7.65870336801391e-10,0
"1136","1536-YHDOE",0.970260846202531,0
"1137","9620-ENEJV",0.999999999996788,0
"1138","0464-WJTKO",7.06559765712451e-25,0
"1139","2874-YXVVA",0.999999734730293,0
"1140","4323-ELYYB",7.4951343764751e-06,0
"1141","6504-VBLFL",1.31739072715152e-08,0
"1142","1085-LDWAM",7.07899828259696e-19,0
"1143","9626-VFRGG",0.999993814064253,0
"1144","7075-BNDVQ",0.925618837518307,0
"1145","9143-CANJF",0.298863591673866,0
"1146","2041-JIJCI",0.999992774441955,0
"1147","2229-VWQJH",0.00280056243582067,0
"1148","1336-EZFZY",0.000518645433127131,0
"1149","6061-PQHMK",2.92599694097942e-09,0
"1150","3913-RDSJZ",4.39774033655166e-19,0
"1151","5366-OBVMR",0.988188981984903,0
"1152","4573-JKNAE",7.00289854527008e-08,0
"1153","0840-DFEZH",0.999999999999829,0
"1154","6923-AQONU",1.46137357516801e-06,0
"1155","5447-VYTKW",0.995546518051254,0
"1156","5307-UVGNB",4.11730624286582e-10,0
"1157","9629-NHXFW",2.74220788088479e-06,0
"1158","8879-ZKJOF",0.995940120502319,0
"1159","6794-HKIAJ",0.961303745183575,0
"1160","4837-PZTIC",3.36982255621132e-05,0
"1161","0369-ZGOVK",0.999893307694393,0
"1162","8174-TBVCF",0.00673087641478638,0
"1163","1877-HKBQX",0.980651006947794,0
"1164","4086-ATNFV",3.18275707175458e-05,0
"1165","9762-YAQAA",0.999930085117412,0
"1166","5473-KHBPS",0.997659619805573,0
"1167","8566-YPRGL",0.234518032534829,0
"1168","2831-EBWRN",0.999999444695634,0
"1169","1293-HHSHJ",4.22430212770911e-08,0
"1170","7673-LPRNY",0.999999939476766,0
"1171","0975-UYDTX",0.999999999246615,0
"1172","5443-SCMKX",0.99998491976268,0
"1173","3678-MNGZX",1.12094795225208e-15,0
"1174","3199-XGZCY",0.999999999268992,0
"1175","4318-RAJVY",0.124053033294867,0
"1176","5062-CJJKH",0.74171512268698,0
"1177","1053-MXTTK",0.9969547142502,0
"1178","1530-ZTDOZ",9.21074630595797e-10,0
"1179","8200-LGKSR",3.24623586642783e-05,0
"1180","7820-ZYGNY",0.979504335388839,0
"1181","9847-HNVGP",1.42674147246505e-09,0
"1182","8980-WQFWL",0.980052720779617,0
"1183","4634-JLRJT",0.00301223853013969,0
"1184","2560-QTSBS",4.92011526979064e-23,0
"1185","7860-UXCRM",2.28627846232918e-09,0
"1186","6357-JJPQT",0.999999999260178,0
"1187","2292-XQWSV",3.30042275398761e-05,0
"1188","9552-TGUZV",0.999999987834592,0
"1189","9643-YBLUR",0.999999460333564,0
"1190","9026-LHEVG",0.990643175802161,0
"1191","7011-CVEUC",0.999986607136472,0
"1192","1552-CZCLL",1.83180290131692e-16,0
"1193","5693-PIPCS",0.999978120334195,0
"1194","0491-KAPQG",0.999829622002414,0
"1195","3569-JFODW",0.00228572176776899,0
"1196","0396-UKGAI",0.660003862784031,0
"1197","8219-VYBVI",6.47325967311207e-10,0
"1198","8751-EDEKA",0.999998519215893,0
"1199","8450-LUGUK",5.15667485589309e-12,0
"1200","1142-IHLOO",0.958800143739495,0
"1201","6257-RJOHI",0.999897154908673,0
"1202","2587-EKXTS",0.999999997547168,0
"1203","7688-AWMDX",2.15883203178051e-11,0
"1204","5312-UXESG",0.99999967456714,0
"1205","7346-MEDWM",0.995650606802872,0
"1206","9209-NWPGU",0.226694959231484,0
"1207","0655-YDGFJ",0.822252821875836,0
"1208","1097-FSPVW",0.0152469107234558,0
"1209","6352-GIGGQ",0.240893849873422,0
"1210","3635-QQRQD",1.18518599344706e-17,0
"1211","2897-DOVND",0.999999999881331,0
"1212","3082-YVEKW",0.999411643395016,0
"1213","6339-RZCBJ",0.70215148997678,0
"1214","0412-UCCNP",1.99566693352673e-05,0
"1215","0430-IHCDJ",0.999921836230809,0
"1216","8873-TMKGR",5.83817057741181e-09,0
"1217","2386-OWURY",0.996534593743421,0
"1218","1508-DFXCU",0.999999999964764,0
"1219","9773-PEQBZ",0.999999968836455,0
"1220","6837-HAEVO",0.00601668063005043,0
"1221","9504-YAZWB",4.35395226053309e-15,0
"1222","6137-NICCO",0.999999999997329,0
"1223","6402-EJMWF",0.99994425141574,0
"1224","7714-YXSMB",0.999999999999972,0
"1225","8387-UGUSU",1.2209018248591e-05,0
"1226","8439-LTUGF",0.00151036192544975,0
"1227","8805-JNRAZ",0.996888602871958,0
"1228","7291-CDTMJ",0.584952038667125,0
"1229","7691-KGKGP",1.13922405867456e-06,0
"1230","6710-HSJRD",0.99711043692998,0
"1231","1099-BTKWT",7.17805275136895e-12,0
"1232","2018-PZKMU",0.999999999887758,0
"1233","7392-YYPYJ",0.999999999889909,0
"1234","2223-GDSHL",0.995207816000933,0
"1235","7995-ZHHNZ",0.00751725529876062,0
"1236","3824-RHKVR",4.33418462880765e-07,0
"1237","4979-HPRFL",3.3164683023634e-13,0
"1238","2773-OVBPK",0.999999923024325,0
"1239","5999-LCXAO",0.621404510793998,0
"1240","1093-YSWCA",0.00605577770645155,0
"1241","1755-FZQEC",5.18187926936185e-12,0
"1242","7964-YESJC",0.844707411392399,0
"1243","7950-XWOVN",0.288344726097201,0
"1244","4647-MUZON",0.999999999942015,0
"1245","9702-AIUJO",8.51207577651122e-15,0
"1246","7421-ZLUPA",0.98908554505053,0
"1247","8915-NNTRC",0.494590310590076,0
"1248","5914-GXMDA",1.34739061852259e-11,0
"1249","3727-JEZTU",1.3339394898915e-05,0
"1250","8143-ETQTI",1.53225141439137e-13,0
"1251","9667-TKTVZ",0.998890751997294,0
"1252","9473-CBZOP",0.154359878972466,0
"1253","1485-YDHMM",0.999990921984279,0
"1254","9581-GVBXT",1.33643439763153e-10,0
"1255","5862-BRIXZ",5.40027100528582e-05,0
"1256","4676-WLUHT",1.58247170108255e-06,0
"1257","1629-DQQVB",0.998798718134574,0
"1258","0374-AACSZ",0.999999993466492,0
"1259","2476-YGEFM",0.999998880205663,0
"1260","9974-JFBHQ",0.0924536827033458,0
"1261","5214-NLTIT",0.343407271901097,0
"1262","3345-PBBFH",0.0819265046052458,0
"1263","5055-BRMNE",0.949645880171404,0
"1264","7184-LRUUR",0.993082336967416,0
"1265","6627-CFOSN",0.999992912200533,0
"1266","6211-WWLTF",0.989723384766481,0
"1267","2208-UGTGR",0.999999975275015,0
"1268","3005-TYFRD",0.998372084330594,0
"1269","8670-MEFCP",0.999700779666006,0
"1270","7777-UNYHB",0.000433701849964177,0
"1271","1685-VAYJF",0.700579449023474,0
"1272","5120-ZBLAI",0.000211072843704835,0
"1273","1905-OEILC",0.000169048016843136,0
"1274","7858-GTZSP",0.999999992822616,0
"1275","6248-BSHKG",6.77219511782944e-17,0
"1276","6917-IAYHD",0.323789623599156,0
"1277","7137-NAXML",1.52153338235114e-05,0
"1278","2428-ZMCTB",0.00067553089924351,0
"1279","6427-FEFIG",0.999855015328379,0
"1280","9031-ZVQPT",0.00283957968799895,0
"1281","4644-OBGFZ",6.98394665349145e-17,0
"1282","6480-YAGIY",0.999999999892117,0
"1283","7602-DBTOU",4.31037015690594e-18,0
"1284","5345-BMKWB",6.05827928551003e-09,0
"1285","0307-BCOPK",2.13011816893191e-06,0
"1286","5016-LIPDW",4.98915430979686e-17,0
"1287","6124-ACRHJ",0.0025935533912831,0
"1288","9975-GPKZU",2.4083008996172e-11,0
"1289","9625-RZFUK",1.34183592396969e-17,0
"1290","9054-FOWNV",0.999999999961589,0
"1291","9732-EQMWY",0.999947840197513,0
"1292","6195-MELTI",1.06085943307917e-07,0
"1293","2692-PFYTJ",0.0069055103327211,0
"1294","1506-YJTYT",4.20000502832838e-05,0
"1295","7596-LDUXP",0.999999999979412,0
"1296","7729-XBTWX",1.92222928446538e-18,0
"1297","9134-WYRVP",0.999737111722525,0
"1298","9732-OUYRN",3.87864116573517e-11,0
"1299","2931-SVLTV",0.999999997687047,0
"1300","2582-FFFZR",0.552651066353972,0
"1301","6288-LBEAR",0.999687529643374,0
"1302","4369-NYSCF",0.984835208366414,0
"1303","6333-YDVLT",0.999931623675374,0
"1304","5324-KTGCG",3.27979377993271e-18,0
"1305","7394-LWLYN",0.999999999998919,0
"1306","6873-UDNLD",0.982715494931348,0
"1307","5325-UWTWJ",0.999992738009406,0
"1308","4302-ZYFEL",3.17592278808672e-22,0
"1309","1518-OMDIK",3.06617453079113e-06,0
"1310","3372-CDXFJ",4.39599297112588e-11,0
"1311","7632-YUTXB",2.50366842785718e-10,0
"1312","8212-CRQXP",0.999999983500317,0
"1313","1482-OXZSY",0.999999999991041,0
"1314","3373-YZZYM",1.37959231196867e-08,0
"1315","0228-MAUWC",0.999208182086963,0
"1316","4915-BFSXL",1.26221550847956e-08,0
"1317","1307-ATKGB",0.999999274851332,0
"1318","3621-CHYVB",7.10733539669497e-07,0
"1319","0420-TXVSG",3.6029635152426e-09,0
"1320","1045-LTCYT",0.00117095254377982,0
"1321","6874-SGLHU",0.999999752373184,0
"1322","3059-NGMXB",0.999999090579983,0
"1323","3891-NLXJB",0.000216808288516557,0
"1324","5453-AXEPF",0.992610277710721,0
"1325","9950-MTGYX",1.73555202487309e-11,0
"1326","4825-FUREZ",2.66646198221233e-17,0
"1327","2672-OJQZP",0.96916724538969,0
"1328","0365-GXEZS",0.999904568449289,0
"1329","3606-SBKRY",0.38707381293654,0
"1330","0988-JRWWP",0.99999830279228,0
"1331","5075-JSDKI",2.24213355598595e-12,0
"1332","4116-IQRFR",0.849565251109361,0
"1333","3120-FAZKD",2.43633448301418e-18,0
"1334","9489-JMTTN",0.0257334219559382,0
"1335","2830-LEWOA",0.301439565914443,0
"1336","8327-WKMIE",7.6462046599981e-13,0
"1337","9274-UARKJ",0.999999999999834,0
"1338","4077-HWUYD",0.0138828950978781,0
"1339","0103-CSITQ",0.1352426755872,0
"1340","6578-KRMAW",0.999999999351042,0
"1341","1945-XISKS",4.09324255681751e-20,0
"1342","2607-FBDFF",0.999997584203683,0
"1343","6728-WYQBC",0.952986336344574,0
"1344","6145-NNPNO",0.99993071675369,0
"1345","5339-TJFEK",0.0832238860263545,0
"1346","4625-XMOYM",1.66930449974857e-20,0
"1347","2252-ISRNH",0.999999999866463,0
"1348","9415-TPKRV",0.999999854452343,0
"1349","1866-DIOQZ",1.34672216365655e-11,0
"1350","8746-OQQRW",0.0399297575687959,0
"1351","3181-MIZBN",8.84327620677898e-07,0
"1352","5650-YLIBA",0.999999996425892,0
"1353","9084-OAYKL",7.69144069955665e-16,0
"1354","7569-NMZYQ",0.99718171940442,0
"1355","5201-USSQZ",0.999999964744469,0
"1356","2105-PHWON",0.999999999672038,0
"1357","4929-ROART",0.994617107439628,0
"1358","1741-WTPON",0.999855547026657,0
"1359","1240-HCBOH",2.49913389232653e-13,0
"1360","0813-TAXXS",0.00782617744704206,0
"1361","2519-TWKFS",0.204509552979439,0
"1362","3007-FDPEA",0.000963803100356465,0
"1363","0311-QYWSS",0.999999506727705,0
"1364","1852-XEMDW",0.992636946256505,0
"1365","1820-DJFPH",8.33152907666399e-18,0
"1366","5701-ZIKJE",0.876478046893962,0
"1367","5172-RKOCB",0.940495008558963,0
"1368","4530-NDRKU",1.19793812787235e-14,0
"1369","9800-ONTFE",0.999994742542544,0
"1370","5537-UXXVS",0.00114522137798853,0
"1371","8701-DGLVH",5.5461241291272e-14,0
"1372","0980-FEXWF",1.84358951809438e-05,0
"1373","3011-WQKSZ",6.02945612070428e-05,0
"1374","9360-OMDZZ",0.999999999999889,0
"1375","2832-SCUCO",0.0761376542799907,0
"1376","7036-ZZKBD",0.858662199480875,0
"1377","0961-ZWLVI",0.999999993715379,0
"1378","7508-DQAKK",0.456117072237314,0
"1379","3154-HMWUU",4.63568648774625e-22,0
"1380","3088-LHEFH",0.999999999931752,0
"1381","8544-JNBOX",1.5689368181055e-20,0
"1382","0373-AIVNJ",0.98175931762939,0
"1383","0018-NYROU",0.999999999997054,0
"1384","6175-IRFIT",0.999999969412273,0
"1385","5542-DHSXL",0.998375455493629,0
"1386","9102-OXKFY",3.86276851902491e-06,0
"1387","0366-NQSHS",0.323529846379267,0
"1388","3807-BPOMJ",0.908271403342754,0
"1389","4182-BGSIQ",0.000118835247130531,0
"1390","9695-IDRZR",0.999999999573773,0
"1391","8144-DGHXP",0.194358879361745,0
"1392","7814-LEEVE",6.95788392104018e-06,0
"1393","5906-DVAPM",0.000102698238225528,0
"1394","5641-DMBFJ",0.0900367957327519,0
"1395","9200-NLNPD",3.63285337122718e-12,0
"1396","6478-HRRCZ",0.0208035365486453,0
"1397","8510-BBWMU",1.99709750454717e-09,0
"1398","8993-IZEUX",0.999999999949057,0
"1399","0440-UEDAI",0.999862726941313,0
"1400","7321-ZNSLA",0.999181645053094,0
"1401","1355-KUSBG",0.99997680144332,0
"1402","6848-YLDFR",7.09628748725437e-06,0
"1403","8125-QPFJD",4.47609653850841e-08,0
"1404","1215-EXRMO",1.31099375773664e-13,0
"1405","2305-MRGLV",0.911139762502412,0
"1406","9746-MDMBK",0.999999965598497,0
"1407","3521-MNKLV",0.0477989525268873,0
"1408","5092-STPKP",0.545029900298547,0
"1409","0114-PEGZZ",0.999999999998523,0
"1410","6040-CGACY",3.75531621003977e-07,0
"1411","6582-PLFUU",4.27268080195744e-14,0
"1412","8180-AKMJV",0.999307050019734,0
"1413","4973-MGTON",6.83316849056133e-07,0
"1414","3682-YEUWS",2.02542757341444e-08,0
"1415","2303-PJYHN",3.69560009398861e-09,0
"1416","9593-CVZKR",2.38001569284055e-14,0
"1417","5846-ABOBJ",8.21646467619302e-17,0
"1418","1439-LCGVL",1.81557551921978e-10,0
"1419","5360-XGYAZ",5.77349916752183e-08,0
"1420","2067-QYTCF",0.998908557804964,0
"1421","2073-QBVBI",2.01613638489326e-10,0
"1422","5231-FIQPA",1.56924606053186e-12,0
"1423","0254-FNMCI",0.914252027942036,0
"1424","7298-IZWLY",0.0123061487122315,0
"1425","9927-DSWDF",0.999999999999945,0
"1426","9500-LTVBP",0.999598456927392,0
"1427","3255-GRXMG",0.462391527650527,0
"1428","6094-ZIVKX",3.38392336671918e-09,0
"1429","8050-WYBND",0.999643843825838,0
"1430","6266-QHOJZ",0.779924001023599,0
"1431","8547-NSBBO",0.999999999959173,0
"1432","6591-QGOYB",0.999999999999998,0
"1433","9070-BCKQP",0.981454968696146,0
"1434","9633-DENPU",6.41925600874288e-06,0
"1435","6408-OTUBZ",0.999884088353884,0
"1436","3797-FKOGQ",0.999999864428353,0
"1437","5562-YJQGT",0.00147349227354422,0
"1438","4801-KFYKL",5.1127897894689e-08,0
"1439","7105-BENQF",0.998174467657453,0
"1440","0128-MKWSG",0.0137726224369984,0
"1441","3823-KYNQY",0.000224764892562143,0
"1442","3021-VLNRJ",0.00663119979498932,0
"1443","6907-FLBER",0.999998719052684,0
"1444","7566-DSRLQ",0.715340764009615,0
"1445","7349-ALMUX",0.0783206061252742,0
"1446","4060-LDNLU",0.999999999985661,0
"1447","5887-IKKYO",0.986779658569024,0
"1448","4299-SIMNS",0.999999998812912,0
"1449","2056-EVGZL",0.873273287735537,0
"1450","6233-HXJMX",0.999998571246338,0
"1451","3239-TPHPZ",5.86543668648116e-08,0
"1452","2495-KZNFB",0.999999874652243,0
"1453","6507-DTJZV",0.999966375982611,0
"1454","0394-YONDK",5.74069912298394e-16,0
"1455","9708-KFDBY",0.00228443947615413,0
"1456","0774-RMNUW",3.29221921913562e-12,0
"1457","8745-PVESG",4.79760395051822e-10,0
"1458","0704-VCUMB",5.47586275891568e-12,0
"1459","2535-PBCGC",3.15084443483599e-09,0
"1460","1470-PSXNM",0.997898781261196,0
"1461","2498-XLDZR",0.961082893405577,0
"1462","1448-CYWKC",0.999991011489707,0
"1463","0334-ZFJSR",6.6032040920429e-05,0
"1464","4565-EVZMJ",0.000293166716042385,0
"1465","6705-LNMDD",0.992186846892052,0
"1466","5032-USPKF",0.999999393381775,0
"1467","4254-QPEDE",4.70974584760325e-06,0
"1468","9788-HNGUT",0.743883854002642,0
"1469","1172-VIYBP",0.000270595272164932,0
"1470","8992-OBVDG",0.999333642267173,0
"1471","2495-TTHBQ",0.433060826052078,0
"1472","3810-PJUHR",2.36201901855961e-15,0
"1473","8232-CTLKO",1.25618013090949e-09,0
"1474","9860-LISIZ",2.647974529347e-13,0
"1475","6229-UOLQL",1.99594719387328e-10,0
"1476","3137-LUPIX",0.999999997774736,0
"1477","8676-OOQEJ",0.949065278665904,0
"1478","3936-QQFLL",0.109672496449923,0
"1479","5057-RKGLH",1.82654555597003e-08,0
"1480","9715-SBVSU",0.969258283533199,0
"1481","2455-USLMV",0.999999951861545,0
"1482","7879-CGSFV",0.996443563554294,0
"1483","7432-FFVAR",0.49528188989323,0
"1484","1833-TCXKK",0.99999995650072,0
"1485","8660-BUETV",0.904341027374287,0
"1486","0580-PIQHM",0.999997693119896,0
"1487","3026-ATZYV",0.968186962247039,0
"1488","3458-IDMFK",7.12971758767217e-07,0
"1489","0221-NAUXK",1.67733080298652e-08,0
"1490","6538-POCHL",0.999999985900351,0
"1491","4277-UDIEF",0.999999896114122,0
"1492","2725-TTRIQ",2.25598235737592e-06,0
"1493","8990-ZXLSU",0.999999999982398,0
"1494","2275-RBYQS",0.999999081682035,0
"1495","4419-UJMUS",0.985184505780039,0
"1496","7794-JASDG",0.999999232901418,0
"1497","4987-GQWPO",0.000709938104173693,0
"1498","6693-FRIRW",1,0
"1499","6586-MYGKD",0.000779725474756346,0
"1500","3173-NVMPX",0.996476716528481,0
"1501","2892-GESUL",2.89339540674718e-13,0
"1502","8034-RYTVV",0.0843694694708519,0
"1503","3863-QSTYI",0.192358413518123,0
"1504","4632-PAOYU",6.7128398056296e-06,0
"1505","4589-IUAJB",3.96526750786882e-17,0
"1506","8457-XIGKN",4.04473239066568e-06,0
"1507","6072-NUQCB",5.50011250748298e-05,0
"1508","8838-GPHZP",3.15484376220967e-19,0
"1509","8750-QWZAJ",2.04424459350171e-18,0
"1510","6918-UMQCG",0.99999999999979,0
"1511","0675-NCDYU",0.999996360044014,0
"1512","5088-QZLRL",0.00142117265405935,0
"1513","1492-KGETH",2.36827545817922e-06,0
"1514","4163-HFTUK",4.84327565333726e-14,0
"1515","8215-NGSPE",3.14221856668874e-09,0
"1516","1998-VHJHK",5.7868385397895e-11,0
"1517","0487-VVUVK",1.20624710914169e-09,0
"1518","5982-XMDEX",5.13359238955484e-13,0
"1519","9705-ZJBCG",0.996195946637956,0
"1520","9670-BPNXF",0.123165189174624,0
"1521","3913-FCUUW",1.26751874661171e-08,0
"1522","3301-VKTGC",0.433864949378438,0
"1523","0816-TSPHQ",0.202148117593752,0
"1524","9115-YQHGA",3.82025091672398e-05,0
"1525","4942-VZZOM",3.05405765358434e-06,0
"1526","6047-SUHPR",0.0453883751709883,0
"1527","0674-GCDXG",4.68153926308082e-05,0
"1528","4396-KLSEH",3.18678142750164e-06,0
"1529","8318-LCNBW",0.0729988311062303,0
"1530","6370-ZVHDV",1.08079906590831e-13,0
"1531","4475-NVTLU",9.13735346725967e-15,0
"1532","0983-TATYJ",0.000864008549319387,0
"1533","6719-OXYBR",0.999999999995992,0
"1534","2325-WINES",0.999999999916944,0
"1535","7824-PANSQ",0.00623529494359994,0
"1536","4936-YPJNK",0.00235055468252174,0
"1537","7989-VCQOH",0.99999999477651,0
"1538","4686-UXDML",0.999999999999803,0
"1539","5847-MXBEO",5.23922296266297e-09,0
"1540","1972-XMUWV",2.78745967814035e-12,0
"1541","3407-JMJQQ",0.997442555531588,0
"1542","0289-IVARM",0.705431036824514,0
"1543","4057-FKCZK",0.882911852648428,0
"1544","1722-LDZJS",7.20144565604435e-15,0
"1545","4815-GBTCD",0.850221847073671,0
"1546","7048-GXDAY",0.999999999695937,0
"1547","8464-EETCQ",8.18961842434994e-17,0
"1548","2419-FSORS",0.0496963015517523,0
"1549","1752-OZXFY",8.90971488256628e-08,0
"1550","9867-NNXLC",1.18976068809817e-08,0
"1551","5321-NTRKC",4.32214559885761e-09,0
"1552","2338-BQEZT",4.43861600128388e-06,0
"1553","2194-IIQOF",9.65157899685632e-05,0
"1554","9584-EXCDZ",0.999999998729284,0
"1555","2621-UDNLU",2.50808365046883e-05,0
"1556","3410-MHHUM",0.950359390534065,0
"1557","3229-USWAR",0.999423473847018,0
"1558","0269-XFESX",5.82128994557851e-11,0
"1559","4316-XCSLJ",0.997831027265685,0
"1560","0562-HKHML",3.70342992911206e-21,0
"1561","1628-BIZYP",0.99999999999993,0
"1562","0082-LDZUE",0.998316887514268,0
"1563","6625-IUTTT",8.35442352591687e-08,0
"1564","5965-GGPRW",0.360688645588629,0
"1565","6080-LNESI",8.41454238565779e-09,0
"1566","1830-IPXVJ",2.06706517281122e-16,0
"1567","8398-TBIYD",0.018153017945235,0
"1568","7395-XWZOY",0.999588208718101,0
"1569","7169-YWAMK",1.55769671208581e-08,0
"1570","2049-BAFNW",0.958858510166471,0
"1571","3842-QTGDL",0.999999975662553,0
"1572","7163-OCEQI",0.999999859866298,0
"1573","4673-KKSLS",0.999999777230796,0
"1574","2324-EFHVG",0.994290114553347,0
"1575","0780-XNZFN",3.54024380044422e-15,0
"1576","8577-QSOCG",7.64468472489957e-14,0
"1577","0442-TDYUO",3.03446717231616e-12,0
"1578","6736-DHUQI",0.000274819051591644,0
"1579","4451-RWASJ",9.08107522742443e-11,0
"1580","2325-NBPZG",0.999999999986179,0
"1581","4482-FTFFX",0.99999659532569,0
"1582","8859-DZTGQ",1.70131001189755e-09,0
"1583","3752-CQSJI",0.0756254143295725,0
"1584","2887-JPYLU",3.73699709718732e-06,0
"1585","9714-EDSUC",0.999999999998634,0
"1586","0057-QBUQH",2.64227666652939e-12,0
"1587","4003-FUSHP",0.99999989957989,0
"1588","7325-ENZFI",2.39385797369729e-05,0
"1589","0613-WUXUM",8.0185736666541e-17,0
"1590","9881-VCZEP",0.369527180273207,0
"1591","8757-TFHHJ",0.999999897311134,0
"1592","9625-QNLUX",0.847607439362825,0
"1593","8654-DHAOW",0.999853559932737,0
"1594","3308-DGHKL",2.30435892670901e-18,0
"1595","9924-JPRMC",0.999999712953228,0
"1596","0080-EMYVY",0.999998399846193,0
"1597","7153-CHRBV",3.76380523682138e-06,0
"1598","5614-DNZCE",3.87735411515005e-05,0
"1599","3039-MJSLN",0.0295295612751668,0
"1600","5010-IPEAQ",4.1521382426142e-09,0
"1601","3069-SSVSN",0.996526515012949,0
"1602","5857-XRECV",0.124864996601599,0
"1603","8033-VCZGH",0.999999943702167,0
"1604","0224-NIJLP",3.80191644874143e-06,0
"1605","4718-WXBGI",0.000577303522722178,0
"1606","0909-SELIE",0.0132457703512029,0
"1607","7162-WPHPM",2.80098548677279e-05,0
"1608","8821-KVZKQ",3.31342078342588e-10,0
"1609","8597-CTXVJ",1.64629254177604e-09,0
"1610","6631-HMANX",2.35950252061548e-08,0
"1611","9962-BFPDU",7.68584138597441e-05,0
"1612","6394-HHHZM",0.000648208616433502,0
"1613","5995-LFTLE",4.9525106275138e-16,0
"1614","6549-BTYPG",1.66706569636988e-10,0
"1615","9374-YOLBJ",1.30525603826252e-08,0
"1616","9074-KGVOX",1.58373948378085e-11,0
"1617","2578-JQPHZ",0.999999994532318,0
"1618","3278-FSIXX",0.999998126646344,0
"1619","9746-UGFAC",3.31326642012102e-08,0
"1620","2946-KIQSP",8.43402630140072e-07,0
"1621","0625-AFOHS",3.24910380888641e-09,0
"1622","7435-ZNUYY",0.00436498858853682,0
"1623","3422-GALYP",0.999999999997571,0
"1624","7977-HXJKU",1.69634581009673e-05,0
"1625","7033-CLAMM",3.34240458910708e-16,0
"1626","9541-PWTWO",0.00479714511783803,0
"1627","3043-SUDUA",1.4245837394204e-07,0
"1628","5442-BHQNG",0.999998859893227,0
"1629","5872-OEQNH",3.39338095829437e-09,0
"1630","0547-HURJB",6.28162849249977e-05,0
"1631","3736-BLEPA",0.999999206815079,0
"1632","4701-LKOZD",0.0461902323560168,0
"1633","1929-ZCBHE",7.66102023576103e-10,0
"1634","4378-MYPGO",0.973198572031574,0
"1635","4129-LYCOI",0.999817988851581,0
"1636","2696-ECXKC",0.482020930863185,0
"1637","3323-CPBWR",0.999999999996317,0
"1638","3384-CTMSF",0.999998879190968,0
"1639","3451-VAWLI",3.86046391605113e-11,0
"1640","7148-XZPHA",0.00016238919706094,0
"1641","6856-RAURS",0.999999999988138,0
"1642","0848-SOMKO",3.37403547855825e-11,0
"1643","1535-VTJOQ",1.14504587931068e-10,0
"1644","8608-OZTLB",0.999874666118604,0
"1645","9853-JFZDU",9.82660398743421e-05,0
"1646","6994-FGRHH",0.0148756783542463,0
"1647","2101-RANCD",0.271568580095406,0
"1648","8510-TMWYB",5.69801009984572e-10,0
"1649","3472-QPRCH",4.21858577665347e-16,0
"1650","8224-UAXBZ",4.38278016105171e-09,0
"1651","9610-WCESF",5.45160872030685e-12,0
"1652","2999-AANRQ",0.999779467648272,0
"1653","3926-YZVVX",5.01076925896338e-05,0
"1654","2346-LOCWC",6.71741465142678e-19,0
"1655","0298-XACET",3.98035932694153e-08,0
"1656","7560-QJAVJ",0.0791464523900723,0
"1657","2995-YWTCD",6.86562889587825e-06,0
"1658","2809-ZMYOQ",0.999999912719686,0
"1659","0254-WWRKD",5.78730137621758e-12,0
"1660","8782-NUUOL",0.729667931545181,0
"1661","4609-KNNWG",7.01769692668726e-12,0
"1662","9529-OFXHY",0.9999999999812,0
"1663","0872-CASZJ",0.00571922523541173,0
"1664","3094-JOJAI",0.999999464572465,0
"1665","4544-RXFMG",0.999943705328955,0
"1666","0859-YGKFW",7.05624821036302e-08,0
"1667","1177-XZBJL",0.000259962160194864,0
"1668","3644-QXEHN",1,0
"1669","6576-FBXOJ",0.423441321178491,0
"1670","7781-EWARA",6.27788541878314e-08,0
"1671","7018-FPXHH",5.06258466664019e-05,0
"1672","1794-SWWKL",0.916798280538007,0
"1673","9332-GYWLO",0.999987371754706,0
"1674","1092-WPIVQ",5.99474421301149e-07,0
"1675","4957-SREEC",1.56604619263926e-20,0
"1676","8050-XGRVL",4.44323636630695e-11,0
"1677","8969-PRHFK",3.47405831958632e-05,0
"1678","0661-KQHNK",8.16651764322077e-07,0
"1679","6339-YPSAH",0.999999999996677,0
"1680","2159-TURXX",8.72491893673056e-05,0
"1681","9626-WEQRM",0.31970257903933,0
"1682","2188-SXWVT",0.000542856400890295,0
"1683","2342-CKIAO",5.05782589052087e-05,0
"1684","3938-YFPXD",0.00138902971334467,0
"1685","3205-MXZRA",0.961532841706966,0
"1686","0083-PIVIK",0.152010983342575,0
"1687","4657-FWVFY",0.999699156162652,0
"1688","8690-UPCZI",0.438000778500068,0
"1689","4086-WITJG",1.90951231106539e-22,0
"1690","8344-WFMFH",0.998629388818362,0
"1691","2108-GLPQB",0.000585848186334519,0
"1692","8006-PYCSW",0.00228397289307181,0
"1693","8722-PRFDV",7.98394796604348e-09,0
"1694","2164-SOQXL",2.63548150504909e-10,0
"1695","8799-OXZMD",7.72801793741868e-08,0
"1696","0048-PIHNL",3.28782033860803e-12,0
"1697","3967-KXAPS",8.93066843191591e-06,0
"1698","3704-IEAXF",2.66555336098025e-11,0
"1699","0674-EYYZV",0.999999967261274,0
"1700","2832-KJCRD",0.999994714941043,0
"1701","4075-WKNIU",0.999950734092345,0
"1702","2346-CZYIL",2.10210416605092e-06,0
"1703","0064-SUDOG",1.3826523656079e-08,0
"1704","4526-RMTLL",0.999999794038011,0
"1705","0516-OOHAR",0.999999948663065,0
"1706","9912-OMZDS",0.999886399309708,0
"1707","7878-RTCZG",0.109045394809904,0
"1708","1173-XZPYF",0.999999999999949,0
"1709","2509-TFPJU",3.46273707915319e-17,0
"1710","9530-GRMJG",0.000541146534989415,0
"1711","2068-WWXQZ",7.86490607884152e-13,0
"1712","2380-DAMQP",0.365450041884942,0
"1713","6365-HITVU",5.02521370731131e-07,0
"1714","4114-QMKVN",3.56498233440825e-05,0
"1715","1488-SYSFC",4.43615338205011e-14,0
"1716","0076-LVEPS",0.0149642103092075,0
"1717","3174-RKMOW",0.999999996903851,0
"1718","1320-GVNHT",0.77420335092959,0
"1719","4933-BSAIP",7.25484195739021e-10,0
"1720","2030-BTZRO",7.34358049493143e-06,0
"1721","7009-LGECI",0.998835170963186,0
"1722","9173-IVZVP",3.97555603935727e-16,0
"1723","7964-ZRKKG",0.00191792733181002,0
"1724","1724-IQWNM",0.263529050614704,0
"1725","8217-QYOHV",0.999920707808845,0
"1726","5916-QEWPT",0.999999999979503,0
"1727","2408-PSJVE",0.0033305986967982,0
"1728","9700-ZCLOT",0.000279327190318173,0
"1729","1930-WNXSB",0.279241279015317,0
"1730","5297-MDOIR",6.7030576433525e-07,0
"1731","7078-NVFAM",3.51147922685938e-06,0
"1732","1545-ACTAS",0.999999839905788,0
"1733","2363-BJLSL",0.000366287717876232,0
"1734","9609-BENEA",0.974274455173413,0
"1735","2595-KIWPV",2.71125566634e-06,0
"1736","5243-SAOTC",0.157432419448,0
"1737","7619-PLRLP",0.000358819863491,0
"1738","6257-DTAYD",0.987480666268508,0
"1739","5996-EBTKM",0.00095403514646911,0
"1740","2758-RNWXS",0.999999742841384,0
"1741","9039-ZVJDC",0.537936466863274,0
"1742","2898-MRKPI",0.000274282258194874,0
"1743","9588-YRFHY",6.52994917831159e-13,0
"1744","9364-YKUVW",1.14944605948447e-06,0
"1745","5392-AKEMH",0.993395984034504,0
"1746","3914-FDRHP",0.999999998000496,0
"1747","3078-ZKNTS",1.6257925781501e-06,0
"1748","1024-KPRBB",0.999999907861977,0
"1749","9547-ITEFG",0.999999992461513,0
"1750","0422-UXFAP",0.994227739257515,0
"1751","6447-GORXK",3.0854654117347e-08,0
"1752","6967-PEJLL",6.36154970993022e-10,0
"1753","1389-WNUIB",0.96756284361891,0
"1754","0804-YGEQV",3.58892408155739e-13,0
"1755","0928-XUTSN",0.999999974067963,0
"1756","1685-BQULA",0.999999999313048,0
"1757","1471-GIQKQ",0.99999980687402,0
"1758","9837-FWLCH",0.000428657517006994,0
"1759","9767-FFLEM",0.999968387925107,0
"1760","2234-XADUH",0.233559998164883,0
